PurchaseCategory,AvgSpent
High,2079.325740318907
Low,260.27624309392263
Medium,1074.3394736842106
